record,question_index,severity,issue_type,current_answer,recommended_answer,question,explanation_snippet,note
20,1,critical,answer_explanation_mismatch,No,Unknown,Are all students ready?,"Premise 2 states every student is studying, and premise 5 says if a student is ready, they must study. Since all students study, they satisfy the condition for being ready, and no premise contradicts this, implying all are ready.",Answer 'No' is too strong; premises do not prove Ready(x). Explanation incorrectly infers Ready from Study.
22,1,critical,answer_explanation_mismatch,No,Yes,Do all students receive a scholarship?,"Premise 2 states that every student has completed the qualifying exam, and premise 7 says that if a student has completed the exam, they have received a scholarship. Applying modus ponens, since all have completed the exam, all have received a scholarship.",Explanation proves all students receive scholarship.
24,1,critical,answer_explanation_mismatch,No,Yes,Are all students eligible for a scholarship?,"Premise 5 states that every student has participated in extracurricular activities, and premise 6 says that if a student has participated in extracurricular activities, they are eligible for the scholarship. Applying modus ponens, since all participate, all are eligible for the scholarship.",Explanation proves all students are eligible for scholarship.
26,2,critical,answer_explanation_mismatch,No,Yes,"Based on the above premises, is the following statement true?
Statement: If an AI model performs classification, then it requires training data.","Premise 17 directly states that if an AI model performs classification, then it requires training data. Since all models perform classification (Premise 14), the statement holds.",Explanation says the statement holds.
194,2,critical,answer_explanation_mismatch,No,Yes,Do modern facilities enhance learning environments?,"Premise 7 states that modern facilities provide better learning environments, and premise 9 suggests well-funded schools have resources like modern facilities, supporting improved learning environments.",Explanation supports modern facilities enhancing learning environments.
248,2,critical,answer_explanation_mismatch,No,Yes,"Based on the above premises, is the following statement true?
Statement: If a student does not meet academic standards, they will not be able to advance to further educational opportunities.","The statement that if a student does not meet academic standards, they will not advance to further educational opportunities is true because it is explicitly stated (premise 2).",Explanation says statement is true/explicitly stated.
249,2,critical,answer_explanation_mismatch,No,Yes,"Based on the above premises, is the following statement true?
Statement: If a student demonstrates competence in one subject, they are qualified to advance to a more challenging subject.","The statement that if a student demonstrates competence, they are qualified to advance is true because it is explicitly stated (premise 1).",Explanation says statement is true/explicitly stated.
250,2,critical,answer_explanation_mismatch,No,Yes,"Based on the above premises, is the following statement true?
Statement: If a student demonstrates competence in one subject, they are qualified to advance to a more challenging subject.","The statement that if a student demonstrates competence, they are qualified to advance is true because it is explicitly stated (premise 1).",Duplicate-like label issue: explanation says statement is true/explicitly stated.
252,2,critical,answer_explanation_mismatch,No,Yes,"Based on the above premises, is the following statement true?
Statement: If an AI model is not trained, it cannot generalize to unseen data.","The statement that if an AI model is not trained, it cannot generalize to unseen data is true because it is explicitly stated (premise 13).",Explanation says statement is true/explicitly stated.
253,2,critical,answer_explanation_mismatch,No,Yes,"Based on the above premises, is the following statement true?
Statement: A student who manages their time and sets goals will study effectively.","The statement that a student who manages their time and sets goals will study effectively is true because effective study requires time management, goal-setting, and distraction elimination (premise 1).",Explanation says statement is true.
264,2,critical,answer_explanation_mismatch,No,Yes,"If there exists at least one object x that has property R, does it follow that there exists at least one object x that has property R?","From premise 3 (There exists at least one object x that has property R), we know ∃x R(x). Since premise 3 directly states the existence of such an object, it follows that if there exists at least one object x that has property R, then there exists at least one object x that has property R.",Tautological implication/existence statement; explanation proves it follows.
291,2,critical,answer_explanation_mismatch,No,Yes,"According to the above premises, is the following statement true?
Statement: If every student participates in a course, then if a student is enrolled, they must complete the assignments.","The statement that if every student participates in a course, then enrolled students must complete assignments is true because every enrolled student must complete assignments (premise 5).",Explanation says statement is true.
292,2,critical,answer_explanation_mismatch,No,Yes,"Based on the above premises, is the following statement true?
Statement: If a student did not sign the academic integrity agreement, then they did not receive course recognition.","The statement that if a student did not sign the academic integrity agreement, they did not receive course recognition is true because it is explicitly stated (premise 9).",Explanation says statement is true/explicitly stated.
217,,warning,exact_duplicate,,remove_or_merge,Duplicate of record 193,,Record 217 is an exact duplicate of record 193.
